teach-node-06:40490, 1, teach-node-06:40490, 10:36:50.305501000, 10:36:50.450425000, 
teach-node-06:40290, 1, teach-node-06:40490, 10:36:50.305503000, 10:36:50.605968000, 
teach-node-06:40190, 1, teach-node-06:40490, 10:36:50.306273000, 10:36:50.533969000, 
teach-node-06:40390, 1, teach-node-06:40490, 10:36:50.305889000, , 
teach-node-06:40390, 2, teach-node-06:40490, 10:36:50.420351000, , 
teach-node-06:40390, 3, teach-node-06:40490, 10:36:50.420861000, , 
teach-node-06:40390, 4, teach-node-06:40490, 10:36:50.421334000, , 
teach-node-06:40390, 5, teach-node-06:40490, 10:36:50.421855000, , 
teach-node-06:40390, 6, teach-node-06:40490, 10:36:50.422327000, , 
teach-node-06:40290, 2, teach-node-06:40490, 10:36:50.419124000, 10:36:50.648394000, 
teach-node-06:40290, 3, teach-node-06:40490, 10:36:50.431689000, 10:36:50.649430000, 
teach-node-06:40290, 4, teach-node-06:40490, 10:36:50.432543000, 10:36:50.650007000, 
teach-node-06:40290, 5, teach-node-06:40490, 10:36:50.433026000, 10:36:50.650591000, 
teach-node-06:40290, 6, teach-node-06:40490, 10:36:50.433494000, , 
teach-node-06:40290, 7, teach-node-06:40490, 10:36:50.434023000, , 
teach-node-06:40290, 8, teach-node-06:40490, 10:36:50.434458000, , 
teach-node-06:40290, 9, teach-node-06:40490, 10:36:50.434896000, , 
teach-node-06:40290, 10, teach-node-06:40490, 10:36:50.435279000, , 
teach-node-06:40290, 11, teach-node-06:40490, 10:36:50.435642000, , 
teach-node-06:40190, 2, teach-node-06:40490, 10:36:50.424904000, 10:36:50.537953000, 
teach-node-06:40190, 3, teach-node-06:40490, 10:36:50.436453000, 10:36:50.545476000, 
teach-node-06:40190, 4, teach-node-06:40490, 10:36:50.437771000, 10:36:50.567177000, 
teach-node-06:40190, 5, teach-node-06:40490, 10:36:50.438213000, 10:36:50.585708000, 
teach-node-06:40190, 6, teach-node-06:40490, 10:36:50.438815000, 10:36:50.586384000, 
teach-node-06:40190, 7, teach-node-06:40490, 10:36:50.440154000, 10:36:50.597122000, 
teach-node-06:40190, 8, teach-node-06:40490, 10:36:50.440608000, 10:36:50.606600000, 
teach-node-06:40190, 9, teach-node-06:40490, 10:36:50.441019000, 10:36:50.607257000, 
teach-node-06:40190, 10, teach-node-06:40490, 10:36:50.441413000, , 
teach-node-06:40190, 11, teach-node-06:40490, 10:36:50.441757000, 10:36:50.612995000, 
teach-node-06:40190, 12, teach-node-06:40490, 10:36:50.442121000, 10:36:50.646602000, 
teach-node-06:40190, 13, teach-node-06:40490, 10:36:50.442504000, 10:36:50.647175000, 
teach-node-06:40490, 2, teach-node-06:40490, 10:36:50.422685000, 10:36:50.523386000, 
teach-node-06:40490, 3, teach-node-06:40490, 10:36:50.443845000, 10:36:50.524281000, 
teach-node-06:40490, 4, teach-node-06:40490, 10:36:50.448054000, 10:36:50.525088000, 
teach-node-06:40190, 14, teach-node-06:40490, 10:36:50.442924000, 10:36:50.647749000, 
teach-node-06:40190, 15, teach-node-06:40490, 10:36:50.457890000, 10:36:50.652467000, 
teach-node-06:40190, 16, teach-node-06:40490, 10:36:50.458284000, 10:36:50.727099000, 
teach-node-06:40190, 17, teach-node-06:40490, 10:36:50.458656000, 10:36:50.727683000, 
teach-node-06:40190, 18, teach-node-06:40490, 10:36:50.459005000, , 
teach-node-06:40390, 7, teach-node-06:40490, 10:36:50.432146000, , 
teach-node-06:40490, 5, teach-node-06:40490, 10:36:50.457709000, 10:36:50.526283000, 
teach-node-06:40190, 19, teach-node-06:40490, 10:36:50.461442000, , 
teach-node-06:40190, 20, teach-node-06:40490, 10:36:50.461810000, 10:36:50.730206000, 
teach-node-06:40290, 12, teach-node-06:40490, 10:36:50.461378000, , 
teach-node-06:40490, 6, teach-node-06:40490, 10:36:50.461264000, 10:36:50.527436000, 
teach-node-06:40490, 7, teach-node-06:40490, 10:36:50.475788000, 10:36:50.531621000, 
teach-node-06:40490, 8, teach-node-06:40490, 10:36:50.476195000, 10:36:50.546171000, 
teach-node-06:40490, 9, teach-node-06:40490, 10:36:50.476535000, 10:36:50.553234000, 
teach-node-06:40390, 8, teach-node-06:40490, 10:36:50.460981000, , 
teach-node-06:40390, 9, teach-node-06:40490, 10:36:50.481466000, , 
teach-node-06:40390, 10, teach-node-06:40490, 10:36:50.482479000, , 
teach-node-06:40390, 11, teach-node-06:40490, 10:36:50.482844000, , 
teach-node-06:40390, 12, teach-node-06:40490, 10:36:50.489149000, , 
teach-node-06:40390, 13, teach-node-06:40490, 10:36:50.489555000, , 
teach-node-06:40390, 14, teach-node-06:40490, 10:36:50.489918000, , 
teach-node-06:40390, 15, teach-node-06:40490, 10:36:50.490295000, , 
teach-node-06:40390, 16, teach-node-06:40490, 10:36:50.490630000, , 
teach-node-06:40390, 17, teach-node-06:40490, 10:36:50.491005000, , 
teach-node-06:40390, 18, teach-node-06:40490, 10:36:50.497486000, , 
teach-node-06:40390, 19, teach-node-06:40490, 10:36:50.499805000, , 
teach-node-06:40490, 10, teach-node-06:40490, 10:36:50.477149000, 10:36:50.579219000, 
teach-node-06:40490, 11, teach-node-06:40490, 10:36:50.511848000, , 
teach-node-06:40490, 12, teach-node-06:40490, 10:36:50.512289000, 10:36:50.589449000, 
teach-node-06:40490, 13, teach-node-06:40490, 10:36:50.516855000, 10:36:50.605308000, 
teach-node-06:40490, 14, teach-node-06:40490, 10:36:50.517298000, 10:36:50.608594000, 
teach-node-06:40490, 15, teach-node-06:40490, 10:36:50.517705000, , 
teach-node-06:40490, 16, teach-node-06:40490, 10:36:50.518093000, , 
teach-node-06:40490, 17, teach-node-06:40490, 10:36:50.518456000, 10:36:50.645376000, 
teach-node-06:40490, 18, teach-node-06:40490, 10:36:50.518810000, 10:36:50.646011000, 
teach-node-06:40490, 19, teach-node-06:40490, 10:36:50.519193000, 10:36:50.651231000, 
teach-node-06:40290, 13, teach-node-06:40490, 10:36:50.475318000, , 
teach-node-06:40290, 14, teach-node-06:40490, 10:36:50.520629000, , 
teach-node-06:40290, 15, teach-node-06:40490, 10:36:50.520997000, , 
teach-node-06:40290, 16, teach-node-06:40490, 10:36:50.521356000, , 
teach-node-06:40290, 17, teach-node-06:40490, 10:36:50.521666000, , 
teach-node-06:40290, 18, teach-node-06:40490, 10:36:50.521979000, , 
teach-node-06:40290, 19, teach-node-06:40490, 10:36:50.522288000, , 
teach-node-06:40390, 20, teach-node-06:40490, 10:36:50.522906000, , 
teach-node-06:40290, 20, teach-node-06:40490, 10:36:50.522851000, , 
teach-node-06:40490, 20, teach-node-06:40490, 10:36:50.530932000, 10:36:50.651850000, 
teach-node-06:40290, 21, teach-node-06:40490, 10:36:50.538196000, , 
teach-node-06:40190, 21, teach-node-06:40490, 10:36:50.537916000, 10:36:50.730707000, 
teach-node-06:40190, 22, teach-node-06:40490, 10:36:50.543903000, 10:36:50.731225000, 
teach-node-06:40190, 23, teach-node-06:40490, 10:36:50.544677000, 10:36:50.737358000, 
teach-node-06:40290, 22, teach-node-06:40490, 10:36:50.540011000, , 
teach-node-06:40490, 21, teach-node-06:40490, 10:36:50.539270000, 10:36:50.653030000, 
teach-node-06:40490, 22, teach-node-06:40490, 10:36:50.548794000, 10:36:50.653619000, 
teach-node-06:40390, 21, teach-node-06:40490, 10:36:50.538965000, , 
teach-node-06:40390, 22, teach-node-06:40490, 10:36:50.550195000, , 
teach-node-06:40390, 23, teach-node-06:40490, 10:36:50.551212000, , 
teach-node-06:40290, 23, teach-node-06:40490, 10:36:50.548459000, , 
teach-node-06:40490, 23, teach-node-06:40490, 10:36:50.552143000, 10:36:50.660181000, 
teach-node-06:40190, 24, teach-node-06:40490, 10:36:50.554422000, 10:36:50.737934000, 
teach-node-06:40290, 24, teach-node-06:40490, 10:36:50.561023000, , 
teach-node-06:40190, 25, teach-node-06:40490, 10:36:50.564096000, 10:36:50.738481000, 
teach-node-06:40290, 25, teach-node-06:40490, 10:36:50.564444000, , 
teach-node-06:40390, 24, teach-node-06:40490, 10:36:50.563972000, , 
teach-node-06:40390, 25, teach-node-06:40490, 10:36:50.580707000, , 
teach-node-06:40190, 26, teach-node-06:40490, 10:36:50.581048000, 10:36:50.739558000, 
teach-node-06:40490, 24, teach-node-06:40490, 10:36:50.563215000, 10:36:50.665946000, 
teach-node-06:40290, 26, teach-node-06:40490, 10:36:50.582254000, , 
teach-node-06:40390, 26, teach-node-06:40490, 10:36:50.583108000, , 
teach-node-06:40490, 25, teach-node-06:40490, 10:36:50.581882000, , 
teach-node-06:40290, 27, teach-node-06:40490, 10:36:50.590928000, , 
teach-node-06:40190, 27, teach-node-06:40490, 10:36:50.590880000, 10:36:50.741547000, 
teach-node-06:40190, 28, teach-node-06:40490, 10:36:50.592954000, 10:36:50.773094000, 
teach-node-06:40190, 29, teach-node-06:40490, 10:36:50.598468000, 10:36:50.773575000, 
teach-node-06:40190, 30, teach-node-06:40490, 10:36:50.598930000, 10:36:50.788938000, 
teach-node-06:40190, 31, teach-node-06:40490, 10:36:50.599314000, 10:36:50.792292000, 
teach-node-06:40290, 28, teach-node-06:40490, 10:36:50.592910000, , 
teach-node-06:40290, 29, teach-node-06:40490, 10:36:50.599916000, , 
teach-node-06:40290, 30, teach-node-06:40490, 10:36:50.600207000, , 
teach-node-06:40290, 31, teach-node-06:40490, 10:36:50.600520000, , 
teach-node-06:40390, 27, teach-node-06:40490, 10:36:50.591980000, , 
teach-node-06:40490, 26, teach-node-06:40490, 10:36:50.591126000, 10:36:50.681827000, 
teach-node-06:40490, 27, teach-node-06:40490, 10:36:50.601536000, 10:36:50.724123000, 
teach-node-06:40390, 28, teach-node-06:40490, 10:36:50.601117000, , 
teach-node-06:40390, 29, teach-node-06:40490, 10:36:50.602234000, , 
teach-node-06:40490, 28, teach-node-06:40490, 10:36:50.602022000, 10:36:50.728438000, 
teach-node-06:40390, 30, teach-node-06:40490, 10:36:50.620788000, , 
teach-node-06:40390, 31, teach-node-06:40490, 10:36:50.621277000, , 
teach-node-06:40390, 32, teach-node-06:40490, 10:36:50.621543000, , 
teach-node-06:40390, 33, teach-node-06:40490, 10:36:50.621814000, , 
teach-node-06:40390, 34, teach-node-06:40490, 10:36:50.622096000, , 
teach-node-06:40390, 35, teach-node-06:40490, 10:36:50.622392000, , 
teach-node-06:40390, 36, teach-node-06:40490, 10:36:50.622647000, , 
teach-node-06:40390, 37, teach-node-06:40490, 10:36:50.622912000, , 
teach-node-06:40290, 32, teach-node-06:40490, 10:36:50.615988000, , 
teach-node-06:40290, 33, teach-node-06:40490, 10:36:50.636008000, , 
teach-node-06:40290, 34, teach-node-06:40490, 10:36:50.636312000, , 
teach-node-06:40290, 35, teach-node-06:40490, 10:36:50.636605000, , 
teach-node-06:40290, 36, teach-node-06:40490, 10:36:50.636938000, , 
teach-node-06:40290, 37, teach-node-06:40490, 10:36:50.637196000, , 
teach-node-06:40190, 32, teach-node-06:40490, 10:36:50.615939000, 10:36:50.792796000, 
teach-node-06:40190, 33, teach-node-06:40490, 10:36:50.637744000, 10:36:50.793300000, 
teach-node-06:40190, 34, teach-node-06:40490, 10:36:50.638005000, 10:36:50.793772000, 
teach-node-06:40190, 35, teach-node-06:40490, 10:36:50.638256000, 10:36:50.794302000, 
teach-node-06:40190, 36, teach-node-06:40490, 10:36:50.638543000, 10:36:50.796437000, 
teach-node-06:40190, 37, teach-node-06:40490, 10:36:50.638817000, 10:36:50.818838000, 
teach-node-06:40490, 29, teach-node-06:40490, 10:36:50.621154000, 10:36:50.729168000, 
teach-node-06:40190, 38, teach-node-06:40490, 10:36:50.654793000, 10:36:50.835166000, 
teach-node-06:40490, 30, teach-node-06:40490, 10:36:50.654739000, 10:36:50.729699000, 
teach-node-06:40290, 38, teach-node-06:40490, 10:36:50.656187000, , 
teach-node-06:40390, 38, teach-node-06:40490, 10:36:50.656839000, , 
teach-node-06:40490, 31, teach-node-06:40490, 10:36:50.656550000, 10:36:50.731749000, 
teach-node-06:40490, 32, teach-node-06:40490, 10:36:50.659152000, , 
teach-node-06:40290, 39, teach-node-06:40490, 10:36:50.658788000, , 
teach-node-06:40190, 39, teach-node-06:40490, 10:36:50.658567000, 10:36:50.838091000, 
teach-node-06:40390, 39, teach-node-06:40490, 10:36:50.659923000, , 
teach-node-06:40490, 33, teach-node-06:40490, 10:36:50.659527000, 10:36:50.739039000, 
teach-node-06:40190, 40, teach-node-06:40490, 10:36:50.663036000, 10:36:50.838572000, 
teach-node-06:40290, 40, teach-node-06:40490, 10:36:50.664223000, , 
teach-node-06:40390, 40, teach-node-06:40490, 10:36:50.664525000, , 
teach-node-06:40490, 34, teach-node-06:40490, 10:36:50.662699000, 10:36:50.766235000, 
teach-node-06:40490, 35, teach-node-06:40490, 10:36:50.665876000, 10:36:50.772586000, 
teach-node-06:40490, 36, teach-node-06:40490, 10:36:50.669133000, 10:36:50.778204000, 
teach-node-06:40490, 37, teach-node-06:40490, 10:36:50.669492000, 10:36:50.779609000, 
teach-node-06:40290, 41, teach-node-06:40490, 10:36:50.668026000, , 
teach-node-06:40290, 42, teach-node-06:40490, 10:36:50.670832000, , 
teach-node-06:40390, 41, teach-node-06:40490, 10:36:50.667982000, , 
teach-node-06:40390, 42, teach-node-06:40490, 10:36:50.671344000, , 
teach-node-06:40190, 41, teach-node-06:40490, 10:36:50.667937000, 10:36:50.839035000, 
teach-node-06:40190, 42, teach-node-06:40490, 10:36:50.671954000, , 
teach-node-06:40490, 38, teach-node-06:40490, 10:36:50.669880000, 10:36:50.788417000, 
teach-node-06:40490, 39, teach-node-06:40490, 10:36:50.674591000, 10:36:50.789413000, 
teach-node-06:40190, 43, teach-node-06:40490, 10:36:50.675119000, 10:36:50.839636000, 
teach-node-06:40490, 40, teach-node-06:40490, 10:36:50.674958000, 10:36:50.789887000, 
teach-node-06:40490, 41, teach-node-06:40490, 10:36:50.676151000, 10:36:50.790368000, 
teach-node-06:40290, 43, teach-node-06:40490, 10:36:50.675799000, , 
teach-node-06:40190, 44, teach-node-06:40490, 10:36:50.677755000, 10:36:50.856677000, 
teach-node-06:40390, 43, teach-node-06:40490, 10:36:50.677035000, , 
teach-node-06:40490, 42, teach-node-06:40490, 10:36:50.676628000, 10:36:50.790832000, 
teach-node-06:40490, 43, teach-node-06:40490, 10:36:50.681726000, 10:36:50.791302000, 
teach-node-06:40490, 44, teach-node-06:40490, 10:36:50.682386000, 10:36:50.791788000, 
teach-node-06:40390, 44, teach-node-06:40490, 10:36:50.679529000, , 
teach-node-06:40290, 44, teach-node-06:40490, 10:36:50.678957000, , 
teach-node-06:40290, 45, teach-node-06:40490, 10:36:50.688520000, , 
teach-node-06:40290, 46, teach-node-06:40490, 10:36:50.688784000, , 
teach-node-06:40390, 45, teach-node-06:40490, 10:36:50.688003000, , 
teach-node-06:40390, 46, teach-node-06:40490, 10:36:50.692793000, , 
teach-node-06:40390, 47, teach-node-06:40490, 10:36:50.693068000, , 
teach-node-06:40390, 48, teach-node-06:40490, 10:36:50.698604000, , 
teach-node-06:40190, 45, teach-node-06:40490, 10:36:50.687947000, , 
teach-node-06:40490, 45, teach-node-06:40490, 10:36:50.685035000, 10:36:50.794793000, 
teach-node-06:40490, 46, teach-node-06:40490, 10:36:50.712624000, 10:36:50.795605000, 
teach-node-06:40190, 46, teach-node-06:40490, 10:36:50.712222000, 10:36:50.862750000, 
teach-node-06:40190, 47, teach-node-06:40490, 10:36:50.713179000, 10:36:50.864066000, 
teach-node-06:40190, 48, teach-node-06:40490, 10:36:50.713420000, 10:36:50.865179000, 
teach-node-06:40290, 47, teach-node-06:40490, 10:36:50.689311000, , 
teach-node-06:40390, 49, teach-node-06:40490, 10:36:50.718759000, , 
teach-node-06:40190, 49, teach-node-06:40490, 10:36:50.714031000, 10:36:50.875585000, 
teach-node-06:40190, 50, teach-node-06:40490, 10:36:50.720577000, 10:36:50.876351000, 
teach-node-06:40490, 47, teach-node-06:40490, 10:36:50.712985000, 10:36:50.800544000, 
teach-node-06:40290, 48, teach-node-06:40490, 10:36:50.719209000, , 
teach-node-06:40490, 48, teach-node-06:40490, 10:36:50.722539000, 10:36:50.801092000, 
teach-node-06:40490, 49, teach-node-06:40490, 10:36:50.723910000, 10:36:50.801586000, 
teach-node-06:40390, 50, teach-node-06:40490, 10:36:50.723097000, , 
teach-node-06:40290, 49, teach-node-06:40490, 10:36:50.722903000, , 
teach-node-06:40490, 50, teach-node-06:40490, 10:36:50.725202000, 10:36:50.805977000, 
teach-node-06:40190, 51, teach-node-06:40490, 10:36:50.726293000, 10:36:50.877646000, 
teach-node-06:40290, 50, teach-node-06:40490, 10:36:50.725804000, , 
teach-node-06:40190, 52, teach-node-06:40490, 10:36:50.735861000, 10:36:50.879106000, 
teach-node-06:40190, 53, teach-node-06:40490, 10:36:50.743107000, 10:36:50.887707000, 
teach-node-06:40190, 54, teach-node-06:40490, 10:36:50.743337000, 10:36:50.896276000, 
teach-node-06:40390, 51, teach-node-06:40490, 10:36:50.735805000, , 
teach-node-06:40490, 51, teach-node-06:40490, 10:36:50.733645000, 10:36:50.821400000, 
teach-node-06:40290, 51, teach-node-06:40490, 10:36:50.733251000, , 
teach-node-06:40490, 52, teach-node-06:40490, 10:36:50.744203000, 10:36:50.825601000, 
teach-node-06:40390, 52, teach-node-06:40490, 10:36:50.743856000, , 
teach-node-06:40190, 55, teach-node-06:40490, 10:36:50.745922000, 10:36:50.911138000, 
teach-node-06:40390, 53, teach-node-06:40490, 10:36:50.745335000, , 
teach-node-06:40490, 53, teach-node-06:40490, 10:36:50.745112000, 10:36:50.828994000, 
teach-node-06:40290, 52, teach-node-06:40490, 10:36:50.744479000, , 
teach-node-06:40490, 54, teach-node-06:40490, 10:36:50.755105000, 10:36:50.830487000, 
teach-node-06:40390, 54, teach-node-06:40490, 10:36:50.754774000, , 
teach-node-06:40390, 55, teach-node-06:40490, 10:36:50.755593000, , 
teach-node-06:40390, 56, teach-node-06:40490, 10:36:50.755803000, , 
teach-node-06:40390, 57, teach-node-06:40490, 10:36:50.756056000, , 
teach-node-06:40390, 58, teach-node-06:40490, 10:36:50.756275000, , 
teach-node-06:40390, 59, teach-node-06:40490, 10:36:50.756488000, , 
teach-node-06:40390, 60, teach-node-06:40490, 10:36:50.756724000, , 
teach-node-06:40190, 56, teach-node-06:40490, 10:36:50.753920000, 10:36:50.916538000, 
teach-node-06:40190, 57, teach-node-06:40490, 10:36:50.757294000, 10:36:50.917026000, 
teach-node-06:40190, 58, teach-node-06:40490, 10:36:50.757506000, 10:36:50.924973000, 
teach-node-06:40190, 59, teach-node-06:40490, 10:36:50.757709000, 10:36:50.925432000, 
teach-node-06:40490, 55, teach-node-06:40490, 10:36:50.755443000, , 
teach-node-06:40490, 56, teach-node-06:40490, 10:36:50.759007000, 10:36:50.835691000, 
teach-node-06:40490, 57, teach-node-06:40490, 10:36:50.759314000, 10:36:50.836191000, 
teach-node-06:40490, 58, teach-node-06:40490, 10:36:50.759633000, 10:36:50.836683000, 
teach-node-06:40490, 59, teach-node-06:40490, 10:36:50.759958000, 10:36:50.837141000, 
teach-node-06:40290, 53, teach-node-06:40490, 10:36:50.755171000, , 
teach-node-06:40290, 54, teach-node-06:40490, 10:36:50.760471000, , 
teach-node-06:40290, 55, teach-node-06:40490, 10:36:50.760695000, , 
teach-node-06:40290, 56, teach-node-06:40490, 10:36:50.760902000, , 
teach-node-06:40290, 57, teach-node-06:40490, 10:36:50.761115000, , 
teach-node-06:40290, 58, teach-node-06:40490, 10:36:50.761320000, , 
teach-node-06:40290, 59, teach-node-06:40490, 10:36:50.761533000, , 
teach-node-06:40290, 60, teach-node-06:40490, 10:36:50.761771000, , 
teach-node-06:40490, 60, teach-node-06:40490, 10:36:50.760281000, 10:36:50.837629000, 
teach-node-06:40190, 60, teach-node-06:40490, 10:36:50.757951000, 10:36:50.925851000, 
teach-node-06:40190, 1, teach-node-06:40290, 10:36:50.538231000, 10:36:50.575681000, 
teach-node-06:40490, 1, teach-node-06:40290, 10:36:50.538002000, 10:36:50.597617000, 
teach-node-06:40190, 2, teach-node-06:40290, 10:36:50.545769000, 10:36:50.589040000, 
teach-node-06:40190, 3, teach-node-06:40290, 10:36:50.546267000, , 
teach-node-06:40190, 4, teach-node-06:40290, 10:36:50.546769000, 10:36:50.610550000, 
teach-node-06:40190, 5, teach-node-06:40290, 10:36:50.547224000, 10:36:50.620480000, 
teach-node-06:40290, 1, teach-node-06:40290, 10:36:50.548992000, 10:36:50.608595000, 
teach-node-06:40390, 1, teach-node-06:40290, 10:36:50.549497000, , 
teach-node-06:40390, 2, teach-node-06:40290, 10:36:50.550171000, , 
teach-node-06:40390, 3, teach-node-06:40290, 10:36:50.550638000, , 
teach-node-06:40390, 4, teach-node-06:40290, 10:36:50.551294000, , 
teach-node-06:40390, 5, teach-node-06:40290, 10:36:50.551762000, , 
teach-node-06:40290, 2, teach-node-06:40290, 10:36:50.549761000, 10:36:50.621472000, 
teach-node-06:40290, 3, teach-node-06:40290, 10:36:50.565668000, 10:36:50.623473000, 
teach-node-06:40290, 4, teach-node-06:40290, 10:36:50.566123000, 10:36:50.625499000, 
teach-node-06:40290, 5, teach-node-06:40290, 10:36:50.566613000, 10:36:50.626440000, 
teach-node-06:40490, 2, teach-node-06:40290, 10:36:50.545769000, 10:36:50.598950000, 
teach-node-06:40490, 3, teach-node-06:40290, 10:36:50.572882000, , 
teach-node-06:40490, 4, teach-node-06:40290, 10:36:50.573363000, 10:36:50.622421000, 
teach-node-06:40490, 5, teach-node-06:40290, 10:36:50.574054000, 10:36:50.624540000, 
teach-node-06:40190, 1, teach-node-06:40190, 10:36:50.488326000, 10:36:50.538257000, 
teach-node-06:40190, 2, teach-node-06:40190, 10:36:50.490758000, 10:36:50.577603000, 
teach-node-06:40190, 3, teach-node-06:40190, 10:36:50.491230000, 10:36:50.587445000, 
teach-node-06:40190, 4, teach-node-06:40190, 10:36:50.491693000, 10:36:50.601765000, 
teach-node-06:40190, 5, teach-node-06:40190, 10:36:50.492127000, 10:36:50.602549000, 
teach-node-06:40190, 6, teach-node-06:40190, 10:36:50.492544000, , 
teach-node-06:40190, 7, teach-node-06:40190, 10:36:50.492945000, 10:36:50.688845000, 
teach-node-06:40190, 8, teach-node-06:40190, 10:36:50.493307000, 10:36:50.690006000, 
teach-node-06:40190, 9, teach-node-06:40190, 10:36:50.493674000, 10:36:50.735944000, 
teach-node-06:40390, 1, teach-node-06:40190, 10:36:50.483144000, , 
teach-node-06:40490, 1, teach-node-06:40190, 10:36:50.494241000, 10:36:50.496871000, 
teach-node-06:40190, 10, teach-node-06:40190, 10:36:50.494109000, 10:36:50.737836000, 
teach-node-06:40290, 1, teach-node-06:40190, 10:36:50.491256000, 10:36:50.718882000, 
teach-node-06:40290, 2, teach-node-06:40190, 10:36:50.501501000, 10:36:50.719752000, 
teach-node-06:40190, 11, teach-node-06:40190, 10:36:50.496699000, 10:36:50.738643000, 
teach-node-06:40490, 2, teach-node-06:40190, 10:36:50.496089000, 10:36:50.528688000, 
teach-node-06:40490, 3, teach-node-06:40190, 10:36:50.503027000, , 
teach-node-06:40490, 4, teach-node-06:40190, 10:36:50.503410000, , 
teach-node-06:40490, 5, teach-node-06:40190, 10:36:50.503780000, 10:36:50.603568000, 
teach-node-06:40490, 6, teach-node-06:40190, 10:36:50.504183000, , 
teach-node-06:40490, 7, teach-node-06:40190, 10:36:50.520710000, 10:36:50.612858000, 
teach-node-06:40490, 8, teach-node-06:40190, 10:36:50.521186000, 10:36:50.658792000, 
teach-node-06:40490, 9, teach-node-06:40190, 10:36:50.521538000, 10:36:50.660105000, 
teach-node-06:40490, 10, teach-node-06:40190, 10:36:50.521872000, 10:36:50.664350000, 
teach-node-06:40390, 2, teach-node-06:40190, 10:36:50.495324000, , 
teach-node-06:40290, 3, teach-node-06:40190, 10:36:50.501927000, 10:36:50.740888000, 
teach-node-06:40390, 3, teach-node-06:40190, 10:36:50.527594000, , 
teach-node-06:40390, 4, teach-node-06:40190, 10:36:50.541927000, , 
teach-node-06:40390, 5, teach-node-06:40190, 10:36:50.542341000, , 
teach-node-06:40390, 6, teach-node-06:40190, 10:36:50.542747000, , 
teach-node-06:40390, 7, teach-node-06:40190, 10:36:50.543510000, , 
teach-node-06:40390, 8, teach-node-06:40190, 10:36:50.543898000, , 
teach-node-06:40490, 11, teach-node-06:40190, 10:36:50.535346000, 10:36:50.671299000, 
teach-node-06:40290, 4, teach-node-06:40190, 10:36:50.535234000, 10:36:50.743575000, 
teach-node-06:40490, 12, teach-node-06:40190, 10:36:50.556537000, 10:36:50.672690000, 
teach-node-06:40490, 13, teach-node-06:40190, 10:36:50.576250000, 10:36:50.717692000, 
teach-node-06:40490, 14, teach-node-06:40190, 10:36:50.576698000, 10:36:50.732753000, 
teach-node-06:40190, 12, teach-node-06:40190, 10:36:50.555649000, 10:36:50.745441000, 
teach-node-06:40390, 9, teach-node-06:40190, 10:36:50.544260000, , 
teach-node-06:40390, 10, teach-node-06:40190, 10:36:50.578556000, , 
teach-node-06:40390, 11, teach-node-06:40190, 10:36:50.578894000, , 
teach-node-06:40390, 12, teach-node-06:40190, 10:36:50.579211000, , 
teach-node-06:40190, 13, teach-node-06:40190, 10:36:50.577355000, 10:36:50.746186000, 
teach-node-06:40190, 14, teach-node-06:40190, 10:36:50.581017000, 10:36:50.752969000, 
teach-node-06:40190, 15, teach-node-06:40190, 10:36:50.581356000, 10:36:50.753743000, 
teach-node-06:40290, 5, teach-node-06:40190, 10:36:50.561650000, 10:36:50.758022000, 
teach-node-06:40390, 13, teach-node-06:40190, 10:36:50.579595000, , 
teach-node-06:40490, 15, teach-node-06:40190, 10:36:50.587365000, 10:36:50.739457000, 
teach-node-06:40290, 6, teach-node-06:40190, 10:36:50.583041000, , 
teach-node-06:40190, 16, teach-node-06:40190, 10:36:50.590745000, 10:36:50.759496000, 
teach-node-06:40190, 17, teach-node-06:40190, 10:36:50.596948000, 10:36:50.764828000, 
teach-node-06:40390, 14, teach-node-06:40190, 10:36:50.588440000, , 
teach-node-06:40390, 15, teach-node-06:40190, 10:36:50.598352000, , 
teach-node-06:40390, 16, teach-node-06:40190, 10:36:50.598644000, , 
teach-node-06:40390, 17, teach-node-06:40190, 10:36:50.598954000, , 
teach-node-06:40390, 18, teach-node-06:40190, 10:36:50.599242000, , 
teach-node-06:40190, 18, teach-node-06:40190, 10:36:50.597285000, 10:36:50.796643000, 
teach-node-06:40490, 16, teach-node-06:40190, 10:36:50.595943000, 10:36:50.744399000, 
teach-node-06:40490, 17, teach-node-06:40190, 10:36:50.608827000, 10:36:50.757214000, 
teach-node-06:40490, 18, teach-node-06:40190, 10:36:50.609152000, 10:36:50.758736000, 
teach-node-06:40190, 19, teach-node-06:40190, 10:36:50.609484000, 10:36:50.797240000, 
teach-node-06:40290, 7, teach-node-06:40190, 10:36:50.592223000, , 
teach-node-06:40390, 19, teach-node-06:40190, 10:36:50.611012000, , 
teach-node-06:40290, 8, teach-node-06:40190, 10:36:50.610111000, , 
teach-node-06:40390, 20, teach-node-06:40190, 10:36:50.614784000, , 
teach-node-06:40390, 21, teach-node-06:40190, 10:36:50.644668000, , 
teach-node-06:40390, 22, teach-node-06:40190, 10:36:50.644994000, , 
teach-node-06:40390, 23, teach-node-06:40190, 10:36:50.645314000, , 
teach-node-06:40190, 20, teach-node-06:40190, 10:36:50.614214000, 10:36:50.800238000, 
teach-node-06:40190, 21, teach-node-06:40190, 10:36:50.646606000, 10:36:50.801215000, 
teach-node-06:40190, 22, teach-node-06:40190, 10:36:50.647548000, , 
teach-node-06:40190, 23, teach-node-06:40190, 10:36:50.647900000, 10:36:50.809333000, 
teach-node-06:40490, 19, teach-node-06:40190, 10:36:50.613693000, 10:36:50.797863000, 
teach-node-06:40490, 20, teach-node-06:40190, 10:36:50.648677000, 10:36:50.798486000, 
teach-node-06:40490, 21, teach-node-06:40190, 10:36:50.649912000, 10:36:50.799077000, 
teach-node-06:40490, 22, teach-node-06:40190, 10:36:50.650463000, 10:36:50.799637000, 
teach-node-06:40490, 23, teach-node-06:40190, 10:36:50.650941000, 10:36:50.807966000, 
teach-node-06:40490, 24, teach-node-06:40190, 10:36:50.651384000, 10:36:50.810000000, 
teach-node-06:40190, 24, teach-node-06:40190, 10:36:50.648199000, 10:36:50.817251000, 
teach-node-06:40190, 25, teach-node-06:40190, 10:36:50.652268000, 10:36:50.821245000, 
teach-node-06:40190, 26, teach-node-06:40190, 10:36:50.652580000, 10:36:50.829135000, 
teach-node-06:40190, 27, teach-node-06:40190, 10:36:50.652894000, 10:36:50.832046000, 
teach-node-06:40190, 28, teach-node-06:40190, 10:36:50.653200000, 10:36:50.863185000, 
teach-node-06:40390, 24, teach-node-06:40190, 10:36:50.646295000, , 
teach-node-06:40290, 9, teach-node-06:40190, 10:36:50.644387000, , 
teach-node-06:40390, 25, teach-node-06:40190, 10:36:50.657252000, , 
teach-node-06:40490, 25, teach-node-06:40190, 10:36:50.651865000, 10:36:50.827508000, 
teach-node-06:40490, 26, teach-node-06:40190, 10:36:50.658548000, 10:36:50.867117000, 
teach-node-06:40390, 26, teach-node-06:40190, 10:36:50.657747000, , 
teach-node-06:40190, 29, teach-node-06:40190, 10:36:50.660912000, , 
teach-node-06:40490, 27, teach-node-06:40190, 10:36:50.660599000, 10:36:50.868980000, 
teach-node-06:40490, 28, teach-node-06:40190, 10:36:50.663230000, 10:36:50.870438000, 
teach-node-06:40190, 30, teach-node-06:40190, 10:36:50.668622000, 10:36:50.864651000, 
teach-node-06:40390, 27, teach-node-06:40190, 10:36:50.661804000, , 
teach-node-06:40490, 29, teach-node-06:40190, 10:36:50.666978000, , 
teach-node-06:40290, 10, teach-node-06:40190, 10:36:50.672060000, , 
teach-node-06:40290, 11, teach-node-06:40190, 10:36:50.674368000, , 
teach-node-06:40290, 12, teach-node-06:40190, 10:36:50.678474000, , 
teach-node-06:40490, 30, teach-node-06:40190, 10:36:50.671741000, 10:36:50.876161000, 
teach-node-06:40190, 31, teach-node-06:40190, 10:36:50.669844000, 10:36:50.868442000, 
teach-node-06:40390, 28, teach-node-06:40190, 10:36:50.669332000, , 
teach-node-06:40290, 13, teach-node-06:40190, 10:36:50.678896000, , 
teach-node-06:40290, 14, teach-node-06:40190, 10:36:50.688709000, , 
teach-node-06:40190, 32, teach-node-06:40190, 10:36:50.683000000, 10:36:50.869466000, 
teach-node-06:40190, 33, teach-node-06:40190, 10:36:50.691259000, 10:36:50.871991000, 
teach-node-06:40190, 34, teach-node-06:40190, 10:36:50.691557000, 10:36:50.874534000, 
teach-node-06:40190, 35, teach-node-06:40190, 10:36:50.691923000, 10:36:50.898352000, 
teach-node-06:40490, 31, teach-node-06:40190, 10:36:50.682800000, 10:36:50.878169000, 
teach-node-06:40390, 29, teach-node-06:40190, 10:36:50.681654000, , 
teach-node-06:40490, 32, teach-node-06:40190, 10:36:50.692709000, 10:36:50.879908000, 
teach-node-06:40190, 36, teach-node-06:40190, 10:36:50.692224000, 10:36:50.899530000, 
teach-node-06:40290, 15, teach-node-06:40190, 10:36:50.691002000, , 
teach-node-06:40290, 16, teach-node-06:40190, 10:36:50.694149000, , 
teach-node-06:40290, 17, teach-node-06:40190, 10:36:50.702732000, , 
teach-node-06:40290, 18, teach-node-06:40190, 10:36:50.703168000, , 
teach-node-06:40290, 19, teach-node-06:40190, 10:36:50.703621000, , 
teach-node-06:40290, 20, teach-node-06:40190, 10:36:50.704079000, , 
teach-node-06:40290, 21, teach-node-06:40190, 10:36:50.704512000, , 
teach-node-06:40290, 22, teach-node-06:40190, 10:36:50.704938000, , 
teach-node-06:40290, 23, teach-node-06:40190, 10:36:50.706477000, , 
teach-node-06:40290, 24, teach-node-06:40190, 10:36:50.710465000, , 
teach-node-06:40290, 25, teach-node-06:40190, 10:36:50.710928000, , 
teach-node-06:40290, 26, teach-node-06:40190, 10:36:50.711380000, , 
teach-node-06:40490, 33, teach-node-06:40190, 10:36:50.693560000, 10:36:50.881530000, 
teach-node-06:40390, 30, teach-node-06:40190, 10:36:50.693222000, , 
teach-node-06:40390, 31, teach-node-06:40190, 10:36:50.716084000, , 
teach-node-06:40490, 34, teach-node-06:40190, 10:36:50.715891000, 10:36:50.885993000, 
teach-node-06:40290, 27, teach-node-06:40190, 10:36:50.717177000, , 
teach-node-06:40490, 35, teach-node-06:40190, 10:36:50.717094000, 10:36:50.887284000, 
teach-node-06:40390, 32, teach-node-06:40190, 10:36:50.716685000, , 
teach-node-06:40390, 33, teach-node-06:40190, 10:36:50.721051000, , 
teach-node-06:40390, 34, teach-node-06:40190, 10:36:50.721488000, , 
teach-node-06:40390, 35, teach-node-06:40190, 10:36:50.721774000, , 
teach-node-06:40390, 36, teach-node-06:40190, 10:36:50.722060000, , 
teach-node-06:40490, 36, teach-node-06:40190, 10:36:50.720846000, 10:36:50.897409000, 
teach-node-06:40290, 28, teach-node-06:40190, 10:36:50.720392000, , 
teach-node-06:40190, 37, teach-node-06:40190, 10:36:50.720117000, 10:36:50.900042000, 
teach-node-06:40290, 29, teach-node-06:40190, 10:36:50.723291000, , 
teach-node-06:40290, 30, teach-node-06:40190, 10:36:50.725257000, , 
teach-node-06:40290, 31, teach-node-06:40190, 10:36:50.725545000, , 
teach-node-06:40290, 32, teach-node-06:40190, 10:36:50.725855000, , 
teach-node-06:40290, 33, teach-node-06:40190, 10:36:50.726162000, , 
teach-node-06:40290, 34, teach-node-06:40190, 10:36:50.726507000, , 
teach-node-06:40290, 35, teach-node-06:40190, 10:36:50.726825000, , 
teach-node-06:40290, 36, teach-node-06:40190, 10:36:50.727136000, , 
teach-node-06:40290, 37, teach-node-06:40190, 10:36:50.727442000, , 
teach-node-06:40390, 37, teach-node-06:40190, 10:36:50.725006000, , 
teach-node-06:40490, 37, teach-node-06:40190, 10:36:50.732545000, 10:36:50.898839000, 
teach-node-06:40190, 38, teach-node-06:40190, 10:36:50.737077000, 10:36:50.901026000, 
teach-node-06:40290, 38, teach-node-06:40190, 10:36:50.746402000, , 
teach-node-06:40290, 39, teach-node-06:40190, 10:36:50.748002000, , 
teach-node-06:40190, 39, teach-node-06:40190, 10:36:50.747728000, , 
teach-node-06:40390, 38, teach-node-06:40190, 10:36:50.747020000, , 
teach-node-06:40390, 39, teach-node-06:40190, 10:36:50.756213000, , 
teach-node-06:40290, 40, teach-node-06:40190, 10:36:50.755686000, , 
teach-node-06:40490, 38, teach-node-06:40190, 10:36:50.751968000, , 
teach-node-06:40490, 39, teach-node-06:40190, 10:36:50.765594000, 10:36:50.900528000, 
teach-node-06:40490, 40, teach-node-06:40190, 10:36:50.766016000, 10:36:50.901515000, 
teach-node-06:40190, 40, teach-node-06:40190, 10:36:50.757045000, 10:36:51.042482000, 
teach-node-06:40290, 41, teach-node-06:40190, 10:36:50.756739000, , 
teach-node-06:40190, 41, teach-node-06:40190, 10:36:50.795503000, 10:36:51.044423000, 
teach-node-06:40490, 41, teach-node-06:40190, 10:36:50.766428000, 10:36:50.902020000, 
teach-node-06:40190, 42, teach-node-06:40190, 10:36:50.796261000, , 
teach-node-06:40390, 40, teach-node-06:40190, 10:36:50.795844000, , 
teach-node-06:40290, 42, teach-node-06:40190, 10:36:50.795812000, , 
teach-node-06:40390, 41, teach-node-06:40190, 10:36:50.804906000, , 
teach-node-06:40490, 42, teach-node-06:40190, 10:36:50.801103000, 10:36:50.902521000, 
teach-node-06:40190, 43, teach-node-06:40190, 10:36:50.805749000, 10:36:51.046469000, 
teach-node-06:40390, 42, teach-node-06:40190, 10:36:50.805312000, , 
teach-node-06:40290, 43, teach-node-06:40190, 10:36:50.806659000, , 
teach-node-06:40390, 43, teach-node-06:40190, 10:36:50.807754000, , 
teach-node-06:40390, 44, teach-node-06:40190, 10:36:50.811155000, , 
teach-node-06:40290, 44, teach-node-06:40190, 10:36:50.811000000, , 
teach-node-06:40190, 44, teach-node-06:40190, 10:36:50.810701000, 10:36:51.048323000, 
teach-node-06:40490, 43, teach-node-06:40190, 10:36:50.810475000, 10:36:50.902997000, 
teach-node-06:40390, 45, teach-node-06:40190, 10:36:50.814086000, , 
teach-node-06:40290, 45, teach-node-06:40190, 10:36:50.813878000, , 
teach-node-06:40190, 45, teach-node-06:40190, 10:36:50.813641000, 10:36:51.050009000, 
teach-node-06:40190, 46, teach-node-06:40190, 10:36:50.818614000, 10:36:51.051479000, 
teach-node-06:40490, 44, teach-node-06:40190, 10:36:50.812819000, 10:36:50.903477000, 
teach-node-06:40190, 47, teach-node-06:40190, 10:36:50.818917000, 10:36:51.053323000, 
teach-node-06:40290, 46, teach-node-06:40190, 10:36:50.818422000, , 
teach-node-06:40390, 46, teach-node-06:40190, 10:36:50.818195000, , 
teach-node-06:40390, 47, teach-node-06:40190, 10:36:50.820794000, , 
teach-node-06:40290, 47, teach-node-06:40190, 10:36:50.820611000, , 
teach-node-06:40190, 48, teach-node-06:40190, 10:36:50.819333000, 10:36:51.054629000, 
teach-node-06:40190, 49, teach-node-06:40190, 10:36:50.822415000, 10:36:51.056437000, 
teach-node-06:40490, 45, teach-node-06:40190, 10:36:50.819171000, 10:36:50.911281000, 
teach-node-06:40290, 48, teach-node-06:40190, 10:36:50.822129000, , 
teach-node-06:40390, 48, teach-node-06:40190, 10:36:50.821877000, , 
teach-node-06:40390, 49, teach-node-06:40190, 10:36:50.825403000, , 
teach-node-06:40290, 49, teach-node-06:40190, 10:36:50.825019000, , 
teach-node-06:40490, 46, teach-node-06:40190, 10:36:50.823673000, 10:36:50.932897000, 
teach-node-06:40490, 47, teach-node-06:40190, 10:36:50.826579000, 10:36:50.933415000, 
teach-node-06:40490, 48, teach-node-06:40190, 10:36:50.826819000, 10:36:50.933893000, 
teach-node-06:40490, 49, teach-node-06:40190, 10:36:50.827074000, 10:36:50.934378000, 
teach-node-06:40190, 50, teach-node-06:40190, 10:36:50.828198000, 10:36:51.056859000, 
teach-node-06:40290, 50, teach-node-06:40190, 10:36:50.828997000, , 
teach-node-06:40390, 50, teach-node-06:40190, 10:36:50.830159000, , 
teach-node-06:40490, 50, teach-node-06:40190, 10:36:50.830893000, 10:36:50.934857000, 
teach-node-06:40190, 51, teach-node-06:40190, 10:36:50.831859000, , 
teach-node-06:40290, 51, teach-node-06:40190, 10:36:50.832598000, , 
teach-node-06:40290, 52, teach-node-06:40190, 10:36:50.844277000, , 
teach-node-06:40190, 52, teach-node-06:40190, 10:36:50.843713000, 10:36:51.057711000, 
teach-node-06:40490, 51, teach-node-06:40190, 10:36:50.843329000, 10:36:50.935338000, 
teach-node-06:40390, 51, teach-node-06:40190, 10:36:50.842971000, , 
teach-node-06:40390, 52, teach-node-06:40190, 10:36:50.861468000, , 
teach-node-06:40490, 52, teach-node-06:40190, 10:36:50.861277000, 10:36:50.935820000, 
teach-node-06:40190, 53, teach-node-06:40190, 10:36:50.861088000, 10:36:51.062683000, 
teach-node-06:40290, 53, teach-node-06:40190, 10:36:50.858794000, , 
teach-node-06:40490, 53, teach-node-06:40190, 10:36:50.862026000, , 
teach-node-06:40390, 53, teach-node-06:40190, 10:36:50.861742000, , 
teach-node-06:40190, 54, teach-node-06:40190, 10:36:50.864508000, 10:36:51.067423000, 
teach-node-06:40290, 54, teach-node-06:40190, 10:36:50.865094000, , 
teach-node-06:40390, 54, teach-node-06:40190, 10:36:50.865920000, , 
teach-node-06:40490, 54, teach-node-06:40190, 10:36:50.866606000, 10:36:50.952822000, 
teach-node-06:40190, 55, teach-node-06:40190, 10:36:50.867328000, 10:36:51.068699000, 
teach-node-06:40290, 55, teach-node-06:40190, 10:36:50.870319000, , 
teach-node-06:40390, 55, teach-node-06:40190, 10:36:50.870913000, , 
teach-node-06:40490, 55, teach-node-06:40190, 10:36:50.871847000, 10:36:50.996156000, 
teach-node-06:40190, 56, teach-node-06:40190, 10:36:50.872416000, 10:36:51.069107000, 
teach-node-06:40290, 56, teach-node-06:40190, 10:36:50.872988000, , 
teach-node-06:40390, 56, teach-node-06:40190, 10:36:50.873823000, , 
teach-node-06:40490, 56, teach-node-06:40190, 10:36:50.874444000, 10:36:51.011289000, 
teach-node-06:40190, 57, teach-node-06:40190, 10:36:50.875333000, 10:36:51.069485000, 
teach-node-06:40290, 57, teach-node-06:40190, 10:36:50.875950000, , 
teach-node-06:40390, 57, teach-node-06:40190, 10:36:50.876916000, , 
teach-node-06:40490, 57, teach-node-06:40190, 10:36:50.877456000, 10:36:51.015829000, 
teach-node-06:40190, 58, teach-node-06:40190, 10:36:50.878390000, 10:36:51.069852000, 
teach-node-06:40290, 58, teach-node-06:40190, 10:36:50.878973000, , 
teach-node-06:40390, 58, teach-node-06:40190, 10:36:50.879746000, , 
teach-node-06:40490, 58, teach-node-06:40190, 10:36:50.880642000, 10:36:51.036815000, 
teach-node-06:40190, 59, teach-node-06:40190, 10:36:50.881404000, 10:36:51.070211000, 
teach-node-06:40290, 59, teach-node-06:40190, 10:36:50.884350000, , 
teach-node-06:40390, 59, teach-node-06:40190, 10:36:50.885105000, , 
teach-node-06:40490, 59, teach-node-06:40190, 10:36:50.885951000, 10:36:51.038579000, 
teach-node-06:40190, 60, teach-node-06:40190, 10:36:50.887134000, 10:36:51.070569000, 
teach-node-06:40290, 60, teach-node-06:40190, 10:36:50.887545000, , 
teach-node-06:40490, 60, teach-node-06:40190, 10:36:50.889945000, 10:36:51.040351000, 
teach-node-06:40390, 60, teach-node-06:40190, 10:36:50.888254000, , 
teach-node-06:40190, 61, teach-node-06:40190, 10:36:50.892426000, 10:36:51.070939000, 
teach-node-06:40190, 62, teach-node-06:40190, 10:36:50.893888000, 10:36:51.071300000, 
teach-node-06:40490, 61, teach-node-06:40190, 10:36:50.893591000, , 
teach-node-06:40390, 61, teach-node-06:40190, 10:36:50.893281000, , 
teach-node-06:40290, 61, teach-node-06:40190, 10:36:50.893138000, , 
teach-node-06:40290, 62, teach-node-06:40190, 10:36:50.896339000, , 
teach-node-06:40390, 62, teach-node-06:40190, 10:36:50.897432000, , 
teach-node-06:40390, 63, teach-node-06:40190, 10:36:50.912383000, , 
teach-node-06:40290, 63, teach-node-06:40190, 10:36:50.912186000, , 
teach-node-06:40190, 63, teach-node-06:40190, 10:36:50.912003000, 10:36:51.071667000, 
teach-node-06:40190, 64, teach-node-06:40190, 10:36:50.937251000, 10:36:51.072070000, 
teach-node-06:40190, 65, teach-node-06:40190, 10:36:50.937477000, 10:36:51.072446000, 
teach-node-06:40190, 66, teach-node-06:40190, 10:36:50.937694000, 10:36:51.072810000, 
teach-node-06:40490, 62, teach-node-06:40190, 10:36:50.911595000, , 
teach-node-06:40190, 67, teach-node-06:40190, 10:36:50.937934000, 10:36:51.073171000, 
teach-node-06:40190, 68, teach-node-06:40190, 10:36:50.938361000, 10:36:51.073533000, 
teach-node-06:40190, 69, teach-node-06:40190, 10:36:50.938563000, 10:36:51.073900000, 
teach-node-06:40190, 70, teach-node-06:40190, 10:36:50.938763000, 10:36:51.074253000, 
teach-node-06:40190, 71, teach-node-06:40190, 10:36:50.938963000, 10:36:51.074620000, 
teach-node-06:40190, 72, teach-node-06:40190, 10:36:50.939149000, 10:36:51.074992000, 
teach-node-06:40190, 73, teach-node-06:40190, 10:36:50.939341000, 10:36:51.092404000, 
teach-node-06:40190, 74, teach-node-06:40190, 10:36:50.939524000, 10:36:51.092813000, 
teach-node-06:40190, 75, teach-node-06:40190, 10:36:50.939733000, 10:36:51.093172000, 
teach-node-06:40190, 76, teach-node-06:40190, 10:36:50.939935000, 10:36:51.093552000, 
teach-node-06:40290, 64, teach-node-06:40190, 10:36:50.937086000, , 
teach-node-06:40390, 64, teach-node-06:40190, 10:36:50.936945000, , 
teach-node-06:40390, 65, teach-node-06:40190, 10:36:50.945982000, , 
teach-node-06:40390, 66, teach-node-06:40190, 10:36:50.946169000, , 
teach-node-06:40390, 67, teach-node-06:40190, 10:36:50.946362000, , 
teach-node-06:40390, 68, teach-node-06:40190, 10:36:50.946544000, , 
teach-node-06:40390, 69, teach-node-06:40190, 10:36:50.946741000, , 
teach-node-06:40390, 70, teach-node-06:40190, 10:36:50.946981000, , 
teach-node-06:40390, 71, teach-node-06:40190, 10:36:50.947159000, , 
teach-node-06:40390, 72, teach-node-06:40190, 10:36:50.947349000, , 
teach-node-06:40390, 73, teach-node-06:40190, 10:36:50.947529000, , 
teach-node-06:40390, 74, teach-node-06:40190, 10:36:50.947725000, , 
teach-node-06:40390, 75, teach-node-06:40190, 10:36:50.947968000, , 
teach-node-06:40290, 65, teach-node-06:40190, 10:36:50.945843000, , 
teach-node-06:40290, 66, teach-node-06:40190, 10:36:50.960313000, , 
teach-node-06:40290, 67, teach-node-06:40190, 10:36:50.960523000, , 
teach-node-06:40290, 68, teach-node-06:40190, 10:36:50.960717000, , 
teach-node-06:40290, 69, teach-node-06:40190, 10:36:50.960917000, , 
teach-node-06:40290, 70, teach-node-06:40190, 10:36:50.961144000, , 
teach-node-06:40290, 71, teach-node-06:40190, 10:36:50.961366000, , 
teach-node-06:40290, 72, teach-node-06:40190, 10:36:50.961603000, , 
teach-node-06:40490, 63, teach-node-06:40190, 10:36:50.938256000, , 
teach-node-06:40490, 64, teach-node-06:40190, 10:36:50.962058000, , 
teach-node-06:40490, 65, teach-node-06:40190, 10:36:50.962268000, , 
teach-node-06:40490, 66, teach-node-06:40190, 10:36:50.962507000, , 
teach-node-06:40490, 67, teach-node-06:40190, 10:36:50.962692000, , 
teach-node-06:40490, 68, teach-node-06:40190, 10:36:50.962906000, , 
teach-node-06:40490, 69, teach-node-06:40190, 10:36:50.963102000, , 
teach-node-06:40490, 70, teach-node-06:40190, 10:36:50.963277000, , 
teach-node-06:40490, 71, teach-node-06:40190, 10:36:50.963450000, , 
teach-node-06:40490, 72, teach-node-06:40190, 10:36:50.963626000, , 
teach-node-06:40490, 73, teach-node-06:40190, 10:36:50.963803000, , 
teach-node-06:40490, 74, teach-node-06:40190, 10:36:50.964001000, , 
teach-node-06:40490, 75, teach-node-06:40190, 10:36:50.964185000, , 
teach-node-06:40490, 76, teach-node-06:40190, 10:36:50.964388000, , 
teach-node-06:40490, 77, teach-node-06:40190, 10:36:50.964579000, , 
teach-node-06:40490, 78, teach-node-06:40190, 10:36:50.964789000, , 
teach-node-06:40490, 79, teach-node-06:40190, 10:36:50.964980000, , 
teach-node-06:40490, 80, teach-node-06:40190, 10:36:50.965174000, , 
teach-node-06:40490, 81, teach-node-06:40190, 10:36:50.965384000, , 
teach-node-06:40490, 82, teach-node-06:40190, 10:36:50.965559000, , 
teach-node-06:40490, 83, teach-node-06:40190, 10:36:50.965738000, , 
teach-node-06:40490, 84, teach-node-06:40190, 10:36:50.965913000, , 
teach-node-06:40290, 73, teach-node-06:40190, 10:36:50.961836000, , 
teach-node-06:40290, 74, teach-node-06:40190, 10:36:50.975847000, , 
teach-node-06:40190, 77, teach-node-06:40190, 10:36:50.953755000, 10:36:51.093911000, 
teach-node-06:40190, 78, teach-node-06:40190, 10:36:50.989613000, 10:36:51.094289000, 
teach-node-06:40190, 79, teach-node-06:40190, 10:36:50.990029000, 10:36:51.094666000, 
teach-node-06:40190, 80, teach-node-06:40190, 10:36:50.990361000, 10:36:51.095038000, 
teach-node-06:40190, 81, teach-node-06:40190, 10:36:50.990560000, , 
teach-node-06:40190, 82, teach-node-06:40190, 10:36:50.990753000, 10:36:51.095519000, 
teach-node-06:40190, 83, teach-node-06:40190, 10:36:50.990948000, 10:36:51.095884000, 
teach-node-06:40190, 84, teach-node-06:40190, 10:36:50.991174000, 10:36:51.096254000, 
teach-node-06:40190, 85, teach-node-06:40190, 10:36:50.991360000, 10:36:51.096609000, 
teach-node-06:40390, 76, teach-node-06:40190, 10:36:50.953260000, , 
teach-node-06:40390, 77, teach-node-06:40190, 10:36:50.991841000, , 
teach-node-06:40290, 75, teach-node-06:40190, 10:36:50.983650000, , 
teach-node-06:40390, 78, teach-node-06:40190, 10:36:50.996614000, , 
teach-node-06:40390, 79, teach-node-06:40190, 10:36:51.008400000, , 
teach-node-06:40490, 85, teach-node-06:40190, 10:36:51.004410000, , 
teach-node-06:40290, 76, teach-node-06:40190, 10:36:51.004176000, , 
teach-node-06:40390, 80, teach-node-06:40190, 10:36:51.008698000, , 
teach-node-06:40190, 86, teach-node-06:40190, 10:36:51.009711000, 10:36:51.096972000, 
teach-node-06:40390, 81, teach-node-06:40190, 10:36:51.009683000, , 
teach-node-06:40290, 77, teach-node-06:40190, 10:36:51.009350000, , 
teach-node-06:40390, 82, teach-node-06:40190, 10:36:51.010269000, , 
teach-node-06:40390, 83, teach-node-06:40190, 10:36:51.010963000, , 
teach-node-06:40290, 78, teach-node-06:40190, 10:36:51.010640000, , 
teach-node-06:40390, 84, teach-node-06:40190, 10:36:51.011483000, , 
teach-node-06:40390, 85, teach-node-06:40190, 10:36:51.012221000, , 
teach-node-06:40390, 86, teach-node-06:40190, 10:36:51.012576000, , 
teach-node-06:40490, 86, teach-node-06:40190, 10:36:51.012101000, , 
teach-node-06:40290, 79, teach-node-06:40190, 10:36:51.011859000, , 
teach-node-06:40190, 87, teach-node-06:40190, 10:36:51.013819000, 10:36:51.097335000, 
teach-node-06:40290, 80, teach-node-06:40190, 10:36:51.013993000, , 
teach-node-06:40390, 87, teach-node-06:40190, 10:36:51.015185000, , 
teach-node-06:40290, 81, teach-node-06:40190, 10:36:51.015388000, , 
teach-node-06:40190, 88, teach-node-06:40190, 10:36:51.016402000, 10:36:51.097702000, 
teach-node-06:40490, 87, teach-node-06:40190, 10:36:51.016277000, , 
teach-node-06:40290, 82, teach-node-06:40190, 10:36:51.016244000, , 
teach-node-06:40290, 83, teach-node-06:40190, 10:36:51.017279000, , 
teach-node-06:40290, 84, teach-node-06:40190, 10:36:51.017460000, , 
teach-node-06:40290, 85, teach-node-06:40190, 10:36:51.017762000, , 
teach-node-06:40290, 86, teach-node-06:40190, 10:36:51.017969000, , 
teach-node-06:40290, 87, teach-node-06:40190, 10:36:51.018160000, , 
teach-node-06:40290, 88, teach-node-06:40190, 10:36:51.018352000, , 
teach-node-06:40390, 88, teach-node-06:40190, 10:36:51.018988000, , 
teach-node-06:40490, 88, teach-node-06:40190, 10:36:51.036667000, , 
teach-node-06:40190, 89, teach-node-06:40190, 10:36:51.037531000, 10:36:51.098071000, 
teach-node-06:40290, 89, teach-node-06:40190, 10:36:51.038452000, , 
teach-node-06:40390, 89, teach-node-06:40190, 10:36:51.038954000, , 
teach-node-06:40490, 89, teach-node-06:40190, 10:36:51.039749000, , 
teach-node-06:40190, 90, teach-node-06:40190, 10:36:51.040585000, 10:36:51.098427000, 
teach-node-06:40290, 90, teach-node-06:40190, 10:36:51.041383000, , 
teach-node-06:40390, 90, teach-node-06:40190, 10:36:51.041881000, , 
teach-node-06:40490, 90, teach-node-06:40190, 10:36:51.042348000, , 
teach-node-06:40190, 91, teach-node-06:40190, 10:36:51.043191000, , 
teach-node-06:40290, 91, teach-node-06:40190, 10:36:51.043907000, , 
teach-node-06:40390, 91, teach-node-06:40190, 10:36:51.044788000, , 
teach-node-06:40490, 91, teach-node-06:40190, 10:36:51.045351000, , 
teach-node-06:40190, 92, teach-node-06:40190, 10:36:51.046314000, 10:36:51.098916000, 
teach-node-06:40290, 92, teach-node-06:40190, 10:36:51.046846000, , 
teach-node-06:40390, 92, teach-node-06:40190, 10:36:51.047622000, , 
teach-node-06:40490, 92, teach-node-06:40190, 10:36:51.048162000, , 
teach-node-06:40190, 93, teach-node-06:40190, 10:36:51.048978000, 10:36:51.099306000, 
teach-node-06:40290, 93, teach-node-06:40190, 10:36:51.049869000, , 
teach-node-06:40390, 93, teach-node-06:40190, 10:36:51.050342000, , 
teach-node-06:40490, 93, teach-node-06:40190, 10:36:51.050814000, , 
teach-node-06:40190, 94, teach-node-06:40190, 10:36:51.051687000, 10:36:51.099665000, 
teach-node-06:40290, 94, teach-node-06:40190, 10:36:51.052669000, , 
teach-node-06:40390, 94, teach-node-06:40190, 10:36:51.053172000, , 
teach-node-06:40490, 94, teach-node-06:40190, 10:36:51.053665000, , 
teach-node-06:40190, 95, teach-node-06:40190, 10:36:51.054493000, 10:36:51.107156000, 
teach-node-06:40290, 95, teach-node-06:40190, 10:36:51.055338000, , 
teach-node-06:40390, 95, teach-node-06:40190, 10:36:51.055797000, , 
teach-node-06:40490, 95, teach-node-06:40190, 10:36:51.056757000, , 
teach-node-06:40190, 96, teach-node-06:40190, 10:36:51.057910000, 10:36:51.107540000, 
teach-node-06:40290, 96, teach-node-06:40190, 10:36:51.058758000, , 
teach-node-06:40290, 97, teach-node-06:40190, 10:36:51.059781000, , 
teach-node-06:40190, 97, teach-node-06:40190, 10:36:51.059642000, , 
teach-node-06:40490, 96, teach-node-06:40190, 10:36:51.059369000, , 
teach-node-06:40390, 96, teach-node-06:40190, 10:36:51.059219000, , 
teach-node-06:40390, 97, teach-node-06:40190, 10:36:51.063381000, , 
teach-node-06:40390, 98, teach-node-06:40190, 10:36:51.063547000, , 
teach-node-06:40390, 99, teach-node-06:40190, 10:36:51.063693000, , 
teach-node-06:40390, 100, teach-node-06:40190, 10:36:51.063853000, , 
teach-node-06:40490, 97, teach-node-06:40190, 10:36:51.063184000, , 
teach-node-06:40190, 98, teach-node-06:40190, 10:36:51.063029000, 10:36:51.108071000, 
teach-node-06:40290, 98, teach-node-06:40190, 10:36:51.062911000, , 
teach-node-06:40290, 99, teach-node-06:40190, 10:36:51.064677000, , 
teach-node-06:40190, 99, teach-node-06:40190, 10:36:51.064507000, 10:36:51.108423000, 
teach-node-06:40490, 98, teach-node-06:40190, 10:36:51.064206000, , 
teach-node-06:40190, 100, teach-node-06:40190, 10:36:51.065280000, 10:36:51.113088000, 
teach-node-06:40290, 100, teach-node-06:40190, 10:36:51.065149000, , 
teach-node-06:40490, 99, teach-node-06:40190, 10:36:51.065440000, , 
teach-node-06:40490, 100, teach-node-06:40190, 10:36:51.067957000, , 
